<application>
<component name="TodoConfiguration">
    <pattern useCustomColors="true" pattern="(?&lt;=\s)FIXME(?=\s)\b(.(?!\/{2,}))*">
      <option name="FOREGROUND" value="99a237" />
      <option name="FONT_TYPE" value="2" />
      <option name="ERROR_STRIPE_COLOR" value="977ab" />
    </pattern>
    <pattern useCustomColors="true" case-sensitive="true" pattern="[\s-=+*]*\bPENDING\b(.(?!\/{2,}))*">
      <option name="FOREGROUND" value="26a69a" />
      <option name="FONT_TYPE" value="2" />
      <option name="ERROR_STRIPE_COLOR" value="977ab" />
    </pattern>
    <pattern useCustomColors="true" case-sensitive="true" pattern="[\s-=+*]*\bTEST\b(.(?!\/{2,}))*">
      <option name="FOREGROUND" value="42a5f5" />
      <option name="FONT_TYPE" value="2" />
      <option name="ERROR_STRIPE_COLOR" value="977ab" />
    </pattern>
    <pattern useCustomColors="true" pattern="(?&lt;=(\s*\/\/|\/?\*)\s)@(?!(Override|JvmStatic|Rhino\w+|Script\w+)\b)[A-Z]\w+">
      <option name="FOREGROUND" value="99a237" />
      <option name="FONT_TYPE" value="2" />
      <option name="ERROR_STRIPE_COLOR" value="977ab" />
    </pattern>
    <pattern useCustomColors="true" pattern="-- [&lt;&gt;]{2} --">
      <option name="FOREGROUND" value="c853" />
      <option name="FONT_TYPE" value="2" />
      <option name="ERROR_STRIPE_COLOR" value="977ab" />
    </pattern>
    <pattern useCustomColors="true" case-sensitive="true" pattern="(?&lt;=(\s*\/\/|\/?\*)\s)@Caution\b">
      <option name="FOREGROUND" value="b57373" />
      <option name="FONT_TYPE" value="2" />
      <option name="ERROR_STRIPE_COLOR" value="977ab" />
    </pattern>
    <pattern useCustomColors="true" pattern="(?&lt;=\s)TODO(?=\s)\b(.(?!\/{2,}))*">
      <option name="FOREGROUND" value="99a237" />
      <option name="FONT_TYPE" value="2" />
      <option name="ERROR_STRIPE_COLOR" value="977ab" />
    </pattern>
    <pattern useCustomColors="true" pattern="(?&lt;=(\s*\/\/)\s\s)\!(?=\s*$)">
      <option name="FOREGROUND" value="909070" />
      <option name="FONT_TYPE" value="2" />
      <option name="ERROR_STRIPE_COLOR" value="977ab" />
    </pattern>
    <pattern useCustomColors="true" pattern="(?&lt;=(\s*\/\/|\/?\*)\s(@([A-Z][a-z]*))) by .+? (on|as of) .+">
      <option name="FOREGROUND" value="808080" />
      <option name="FONT_TYPE" value="2" />
      <option name="ERROR_STRIPE_COLOR" value="977ab" />
    </pattern>
    <pattern useCustomColors="true" pattern="(?&lt;=(\s*\/\/|\/?\*)\s(TODO|FIXME)) by .+? (on|as of) .+">
      <option name="FOREGROUND" value="808080" />
      <option name="FONT_TYPE" value="2" />
      <option name="ERROR_STRIPE_COLOR" value="977ab" />
    </pattern>
    <pattern useCustomColors="true" pattern="(?&lt;=^\s@[A-Z][a-z]*) by .+? (on|as of) .+">
      <option name="FOREGROUND" value="808080" />
      <option name="FONT_TYPE" value="2" />
      <option name="ERROR_STRIPE_COLOR" value="977ab" />
    </pattern>
    <pattern useCustomColors="true" pattern="(?&lt;=^\s\s)\#\s.+$">
      <option name="FOREGROUND" value="659b91" />
      <option name="FONT_TYPE" value="2" />
      <option name="ERROR_STRIPE_COLOR" value="977ab" />
    </pattern>
    <pattern useCustomColors="true" pattern="(?&lt;=^\s)@[A-Z][a-z]*">
      <option name="FOREGROUND" value="57b2b7" />
      <option name="FONT_TYPE" value="2" />
      <option name="ERROR_STRIPE_COLOR" value="977ab" />
    </pattern>
    <pattern useCustomColors="true" pattern="(?&lt;=\s*\/\/\s\s)\!\s.*">
      <option name="FOREGROUND" value="99a237" />
      <option name="FONT_TYPE" value="2" />
      <option name="ERROR_STRIPE_COLOR" value="977ab" />
    </pattern>
    <pattern useCustomColors="true" pattern="(?&lt;=\s*\/\/\s\s)#\s.*">
      <option name="FOREGROUND" value="909070" />
      <option name="FONT_TYPE" value="2" />
      <option name="ERROR_STRIPE_COLOR" value="977ab" />
    </pattern>
  </component>
</application>