<application>
  <component name="CachedDictionaryState">
    <words>
      <w>abcdefghijklmnopqrstuvwxyz</w>
      <w>abgr</w>
      <w>abis</w>
      <w>absdiff</w>
      <w>aiselp</w>
      <w>alei</w>
      <w>aosp</w>
      <w>arrayx</w>
      <w>arsc</w>
      <w>autojs</w>
      <w>bugly</w>
      <w>chenguangming</w>
      <w>dismissable</w>
      <w>enhancedfloaty</w>
      <w>fileprovider</w>
      <w>githubusercontent</w>
      <w>globalizable</w>
      <w>headsethook</w>
      <w>imgcodecs</w>
      <w>imgproc</w>
      <w>imread</w>
      <w>inrt</w>
      <w>jackaroo</w>
      <w>jaredrummler</w>
      <w>jcip</w>
      <w>jrummyapps</w>
      <w>jsox</w>
      <w>keypoints</w>
      <w>kkevsekk</w>
      <w>ksize</w>
      <w>loopers</w>
      <w>mathx</w>
      <w>mimeutil</w>
      <w>mlkit</w>
      <w>mssim</w>
      <w>nndr</w>
      <w>noninfringement</w>
      <w>numberpicker</w>
      <w>numberx</w>
      <w>psnr</w>
      <w>quindecillion</w>
      <w>recents</w>
      <w>requirex</w>
      <w>screencap</w>
      <w>shizuku</w>
      <w>snailuncle</w>
      <w>stringx</w>
      <w>supermonster</w>
      <w>symb</w>
      <w>tarray</w>
      <w>textclock</w>
      <w>textswitcher</w>
      <w>togglebutton</w>
      <w>tonyjiangwj</w>
      <w>trainstn</w>
      <w>untap</w>
      <w>viewflipper</w>
      <w>viewswitcher</w>
    </words>
  </component>
</application>